-- MySQL dump 10.13  Distrib 5.7.12, for osx10.11 (x86_64)
--
-- Host: localhost    Database: southlaketa
-- ------------------------------------------------------
-- Server version	5.7.12

/*!40101 SET @OLD_CHARACTER_SET_CLIENT=@@CHARACTER_SET_CLIENT */;
/*!40101 SET @OLD_CHARACTER_SET_RESULTS=@@CHARACTER_SET_RESULTS */;
/*!40101 SET @OLD_COLLATION_CONNECTION=@@COLLATION_CONNECTION */;
/*!40101 SET NAMES utf8 */;
/*!40103 SET @OLD_TIME_ZONE=@@TIME_ZONE */;
/*!40103 SET TIME_ZONE='+00:00' */;
/*!40014 SET @OLD_UNIQUE_CHECKS=@@UNIQUE_CHECKS, UNIQUE_CHECKS=0 */;
/*!40014 SET @OLD_FOREIGN_KEY_CHECKS=@@FOREIGN_KEY_CHECKS, FOREIGN_KEY_CHECKS=0 */;
/*!40101 SET @OLD_SQL_MODE=@@SQL_MODE, SQL_MODE='NO_AUTO_VALUE_ON_ZERO' */;
/*!40111 SET @OLD_SQL_NOTES=@@SQL_NOTES, SQL_NOTES=0 */;

--
-- Table structure for table `CheckInOut`
--

DROP TABLE IF EXISTS `CheckInOut`;
/*!40101 SET @saved_cs_client     = @@character_set_client */;
/*!40101 SET character_set_client = utf8 */;
CREATE TABLE `CheckInOut` (
  `ID` int(10) unsigned NOT NULL AUTO_INCREMENT,
  `AccountID` int(10) unsigned NOT NULL,
  `CheckIn` datetime DEFAULT NULL,
  `CheckOut` datetime DEFAULT NULL,
  `RecorderID` int(10) unsigned NOT NULL,
  `CreateTime` datetime NOT NULL,
  `UpdateTime` datetime NOT NULL,
  PRIMARY KEY (`ID`),
  KEY `fk_cio_receiver` (`RecorderID`),
  CONSTRAINT `fk_cio_receiver` FOREIGN KEY (`RecorderID`) REFERENCES `staAccount` (`ID`)
) ENGINE=InnoDB DEFAULT CHARSET=latin1;
/*!40101 SET character_set_client = @saved_cs_client */;

--
-- Dumping data for table `CheckInOut`
--

LOCK TABLES `CheckInOut` WRITE;
/*!40000 ALTER TABLE `CheckInOut` DISABLE KEYS */;
/*!40000 ALTER TABLE `CheckInOut` ENABLE KEYS */;
UNLOCK TABLES;

--
-- Table structure for table `CodeBalanceType`
--

DROP TABLE IF EXISTS `CodeBalanceType`;
/*!40101 SET @saved_cs_client     = @@character_set_client */;
/*!40101 SET character_set_client = utf8 */;
CREATE TABLE `CodeBalanceType` (
  `ID` int(2) unsigned NOT NULL AUTO_INCREMENT,
  `BalanceType` varchar(40) NOT NULL,
  PRIMARY KEY (`ID`),
  UNIQUE KEY `BalanceType` (`BalanceType`)
) ENGINE=InnoDB AUTO_INCREMENT=4 DEFAULT CHARSET=latin1;
/*!40101 SET character_set_client = @saved_cs_client */;

--
-- Dumping data for table `CodeBalanceType`
--

LOCK TABLES `CodeBalanceType` WRITE;
/*!40000 ALTER TABLE `CodeBalanceType` DISABLE KEYS */;
INSERT INTO `CodeBalanceType` VALUES (2,'HourBased'),(1,'PeriodBased'),(3,'SessionBased');
/*!40000 ALTER TABLE `CodeBalanceType` ENABLE KEYS */;
UNLOCK TABLES;

--
-- Table structure for table `CodeClassType`
--

DROP TABLE IF EXISTS `CodeClassType`;
/*!40101 SET @saved_cs_client     = @@character_set_client */;
/*!40101 SET character_set_client = utf8 */;
CREATE TABLE `CodeClassType` (
  `ID` int(2) unsigned NOT NULL AUTO_INCREMENT,
  `ClassType` varchar(40) NOT NULL,
  PRIMARY KEY (`ID`),
  UNIQUE KEY `ClassType` (`ClassType`)
) ENGINE=InnoDB AUTO_INCREMENT=7 DEFAULT CHARSET=latin1;
/*!40101 SET character_set_client = @saved_cs_client */;

--
-- Dumping data for table `CodeClassType`
--

LOCK TABLES `CodeClassType` WRITE;
/*!40000 ALTER TABLE `CodeClassType` DISABLE KEYS */;
INSERT INTO `CodeClassType` VALUES (1,'Afterschool Enrichment'),(4,'Art & Music'),(5,'Chess & Ping-Pong'),(6,'Exam Prep'),(2,'Language Tutoring'),(3,'Subject Tutoring');
/*!40000 ALTER TABLE `CodeClassType` ENABLE KEYS */;
UNLOCK TABLES;

--
-- Table structure for table `CodeRequestStatus`
--

DROP TABLE IF EXISTS `CodeRequestStatus`;
/*!40101 SET @saved_cs_client     = @@character_set_client */;
/*!40101 SET character_set_client = utf8 */;
CREATE TABLE `CodeRequestStatus` (
  `ID` int(2) unsigned NOT NULL AUTO_INCREMENT,
  `RequestStatus` varchar(40) NOT NULL,
  PRIMARY KEY (`ID`),
  UNIQUE KEY `RequestStatus` (`RequestStatus`)
) ENGINE=InnoDB AUTO_INCREMENT=10 DEFAULT CHARSET=latin1;
/*!40101 SET character_set_client = @saved_cs_client */;

--
-- Dumping data for table `CodeRequestStatus`
--

LOCK TABLES `CodeRequestStatus` WRITE;
/*!40000 ALTER TABLE `CodeRequestStatus` DISABLE KEYS */;
INSERT INTO `CodeRequestStatus` VALUES (3,'approved'),(9,'closed'),(1,'new request'),(2,'pre-approved'),(4,'replied');
/*!40000 ALTER TABLE `CodeRequestStatus` ENABLE KEYS */;
UNLOCK TABLES;

--
-- Table structure for table `CodeRequestType`
--

DROP TABLE IF EXISTS `CodeRequestType`;
/*!40101 SET @saved_cs_client     = @@character_set_client */;
/*!40101 SET character_set_client = utf8 */;
CREATE TABLE `CodeRequestType` (
  `ID` int(2) unsigned NOT NULL AUTO_INCREMENT,
  `RequestType` varchar(40) NOT NULL,
  PRIMARY KEY (`ID`),
  UNIQUE KEY `RequestType` (`RequestType`)
) ENGINE=InnoDB AUTO_INCREMENT=4 DEFAULT CHARSET=latin1;
/*!40101 SET character_set_client = @saved_cs_client */;

--
-- Dumping data for table `CodeRequestType`
--

LOCK TABLES `CodeRequestType` WRITE;
/*!40000 ALTER TABLE `CodeRequestType` DISABLE KEYS */;
INSERT INTO `CodeRequestType` VALUES (2,'Account Request'),(3,'Class Reserve Request'),(1,'Common Request');
/*!40000 ALTER TABLE `CodeRequestType` ENABLE KEYS */;
UNLOCK TABLES;

--
-- Table structure for table `CodeRole`
--

DROP TABLE IF EXISTS `CodeRole`;
/*!40101 SET @saved_cs_client     = @@character_set_client */;
/*!40101 SET character_set_client = utf8 */;
CREATE TABLE `CodeRole` (
  `ID` int(2) unsigned NOT NULL AUTO_INCREMENT,
  `Role` varchar(40) NOT NULL,
  PRIMARY KEY (`ID`),
  UNIQUE KEY `Role` (`Role`)
) ENGINE=InnoDB AUTO_INCREMENT=4 DEFAULT CHARSET=latin1;
/*!40101 SET character_set_client = @saved_cs_client */;

--
-- Dumping data for table `CodeRole`
--

LOCK TABLES `CodeRole` WRITE;
/*!40000 ALTER TABLE `CodeRole` DISABLE KEYS */;
INSERT INTO `CodeRole` VALUES (3,'Manager'),(1,'Regular User'),(2,'Teacher');
/*!40000 ALTER TABLE `CodeRole` ENABLE KEYS */;
UNLOCK TABLES;

--
-- Table structure for table `Payment`
--

DROP TABLE IF EXISTS `Payment`;
/*!40101 SET @saved_cs_client     = @@character_set_client */;
/*!40101 SET character_set_client = utf8 */;
CREATE TABLE `Payment` (
  `ID` int(10) unsigned NOT NULL AUTO_INCREMENT,
  `PayerName` varchar(255) NOT NULL,
  `AmountDollar` decimal(10,2) NOT NULL,
  `CardType` varchar(40) DEFAULT NULL,
  `CheckNo` varchar(40) DEFAULT NULL,
  `IsCash` tinyint(4) DEFAULT '0',
  `StudentName` varchar(255) NOT NULL,
  `ClassID` int(10) unsigned NOT NULL,
  `ReceiverName` varchar(255) NOT NULL,
  `Note` text,
  `CreateTime` datetime NOT NULL,
  `UpdaterName` varchar(255) DEFAULT NULL,
  `UpdateTime` datetime DEFAULT NULL,
  PRIMARY KEY (`ID`),
  KEY `fk_payment_class` (`ClassID`),
  CONSTRAINT `fk_payment_class` FOREIGN KEY (`ClassID`) REFERENCES `staClass` (`ID`)
) ENGINE=InnoDB AUTO_INCREMENT=18 DEFAULT CHARSET=latin1;
/*!40101 SET character_set_client = @saved_cs_client */;

--
-- Dumping data for table `Payment`
--

LOCK TABLES `Payment` WRITE;
/*!40000 ALTER TABLE `Payment` DISABLE KEYS */;
INSERT INTO `Payment` VALUES (1,'test.payer',1000.00,'undefined','123456',0,'test.student',1,'test.receiver','','2016-09-26 00:00:00','admin','2016-10-07 01:39:18'),(2,'test.payer2',20000.00,'2','123456',0,'test.student.2',2,'test.receiver',NULL,'2016-09-26 00:00:00','test.updater','2016-09-26 00:00:00'),(4,'1234',1234.00,'1234','1234',1,'1234',1,'1234','1234','2016-08-27 15:23:54','test.manager',NULL),(5,'1234',1234.00,'1234','1234',1,'1234',1,'1234','1234','2016-08-27 15:24:00','test.manager',NULL),(6,'1234',1234.00,'1234','1234',1,'1234',1,'1234','1234','2016-08-27 15:24:04','test.manager',NULL),(7,'miaoji',10000.00,'Discover','',0,'mioaji',1,'miaoji','0.0','2016-08-28 13:50:57','test.manager','2016-10-06 22:16:28'),(8,'miaoji',0.00,'undefined','',1,'0.0',2,'0.0','0.0','2016-08-28 13:51:45','test.manager',NULL),(9,'miaoji',1000.00,'Credit','',0,'miaoji',2,'mioaji','miaoji','2016-08-29 00:45:10','test.manager',NULL),(10,'mioaji',1000.00,'Master','',0,'miaoji',2,'miaoji','0.0','2016-09-29 00:52:15','test.manager',NULL),(11,'123',123.00,'undefined','',1,'123',2,'123','123','2016-10-05 20:52:59','admin','2016-10-07 16:52:09'),(12,'123',123.00,'Discover','',0,'123',1,'123','123','2016-10-05 20:53:55','test.manager',NULL),(13,'toupdate',3211111.00,'undefined','',1,'123',2,'123','myupdate','2016-10-05 20:54:31','test.manager','2016-10-06 22:12:20'),(14,'test',123.00,'undefined','',1,'234',1,'1234','1234','2016-10-06 00:28:26','test.manager',NULL),(15,'test',1234.00,'Discover','',0,'1234',2,'1234','1324','2016-10-06 00:31:01','test.manager',NULL),(16,'0testtest',1234.00,'undefined','',1,'1234',1,'123','123','2016-10-06 00:34:34','admin','2016-10-07 17:19:19'),(17,'1234',1234.00,'undefined','',1,'1234',2,'1234','','2016-10-06 17:24:31','test.manager',NULL);
/*!40000 ALTER TABLE `Payment` ENABLE KEYS */;
UNLOCK TABLES;

--
-- Table structure for table `RegistrationForm`
--

DROP TABLE IF EXISTS `RegistrationForm`;
/*!40101 SET @saved_cs_client     = @@character_set_client */;
/*!40101 SET character_set_client = utf8 */;
CREATE TABLE `RegistrationForm` (
  `ID` int(10) unsigned NOT NULL AUTO_INCREMENT,
  `StudentID` int(10) unsigned zerofill NOT NULL,
  `StudentName` varchar(255) NOT NULL,
  `AfterSchoolType` varchar(40) DEFAULT NULL,
  `AfterSchoolStart` date DEFAULT NULL,
  `AfterSchoolEnd` date DEFAULT NULL,
  `LanguageTutorType` varchar(40) DEFAULT NULL,
  `LanguageTutorHour` int(10) unsigned DEFAULT NULL,
  `SubjectTutor` varchar(40) DEFAULT NULL,
  `SubjectTutorHour` int(11) DEFAULT NULL,
  `ArtMusicType` varchar(40) DEFAULT NULL,
  `ArtMusicSession` int(10) unsigned DEFAULT NULL,
  `ChessPingpongType` varchar(40) DEFAULT NULL,
  `ChessPingpongSession` int(10) unsigned DEFAULT NULL,
  `ExamPrepType` varchar(40) DEFAULT NULL,
  `ExamPrepSession` int(10) unsigned DEFAULT NULL,
  `FeeProgram` decimal(10,2) DEFAULT NULL,
  `FeeEnrollment` decimal(10,2) DEFAULT NULL,
  `FeeAssessment` decimal(10,2) DEFAULT NULL,
  `FeeMaterials` decimal(10,2) DEFAULT NULL,
  `FeePromotion` decimal(10,2) DEFAULT NULL,
  `PaymentType` varchar(40) NOT NULL,
  `DatePayment` datetime NOT NULL,
  `ReceiverID` int(10) unsigned NOT NULL,
  `ReceiverName` varchar(255) NOT NULL,
  PRIMARY KEY (`ID`),
  UNIQUE KEY `SubjectTutorHour` (`SubjectTutorHour`),
  KEY `fk_reg_student` (`StudentID`),
  KEY `fk_reg_receiver` (`ReceiverID`),
  CONSTRAINT `fk_reg_receiver` FOREIGN KEY (`ReceiverID`) REFERENCES `staAccount` (`ID`),
  CONSTRAINT `fk_reg_student` FOREIGN KEY (`StudentID`) REFERENCES `staStudent` (`ID`)
) ENGINE=InnoDB DEFAULT CHARSET=latin1;
/*!40101 SET character_set_client = @saved_cs_client */;

--
-- Dumping data for table `RegistrationForm`
--

LOCK TABLES `RegistrationForm` WRITE;
/*!40000 ALTER TABLE `RegistrationForm` DISABLE KEYS */;
/*!40000 ALTER TABLE `RegistrationForm` ENABLE KEYS */;
UNLOCK TABLES;

--
-- Table structure for table `Request`
--

DROP TABLE IF EXISTS `Request`;
/*!40101 SET @saved_cs_client     = @@character_set_client */;
/*!40101 SET character_set_client = utf8 */;
CREATE TABLE `Request` (
  `ID` int(10) unsigned NOT NULL AUTO_INCREMENT,
  `RequestType` int(1) unsigned NOT NULL,
  `Name` varchar(255) DEFAULT NULL,
  `Email` varchar(255) NOT NULL,
  `Subject` text,
  `Message` text NOT NULL,
  `Phone` varchar(40) DEFAULT NULL,
  `IPAddress` varchar(40) DEFAULT NULL,
  `ProxyAddress` varchar(40) DEFAULT NULL,
  `Status` int(2) unsigned NOT NULL DEFAULT '0',
  `LastReplier` int(10) unsigned NOT NULL,
  `CreateTime` datetime NOT NULL,
  `UpdateTime` datetime NOT NULL,
  PRIMARY KEY (`ID`),
  KEY `fk_req_replier` (`LastReplier`),
  KEY `fk_req_type` (`RequestType`),
  KEY `fk_req_status` (`Status`),
  CONSTRAINT `fk_req_replier` FOREIGN KEY (`LastReplier`) REFERENCES `staAccount` (`ID`),
  CONSTRAINT `fk_req_status` FOREIGN KEY (`Status`) REFERENCES `CodeRequestStatus` (`ID`),
  CONSTRAINT `fk_req_type` FOREIGN KEY (`RequestType`) REFERENCES `CodeRequestType` (`ID`)
) ENGINE=InnoDB DEFAULT CHARSET=latin1;
/*!40101 SET character_set_client = @saved_cs_client */;

--
-- Dumping data for table `Request`
--

LOCK TABLES `Request` WRITE;
/*!40000 ALTER TABLE `Request` DISABLE KEYS */;
/*!40000 ALTER TABLE `Request` ENABLE KEYS */;
UNLOCK TABLES;

--
-- Table structure for table `StudentInClass`
--

DROP TABLE IF EXISTS `StudentInClass`;
/*!40101 SET @saved_cs_client     = @@character_set_client */;
/*!40101 SET character_set_client = utf8 */;
CREATE TABLE `StudentInClass` (
  `ID` int(10) unsigned NOT NULL AUTO_INCREMENT,
  `ClassID` int(10) unsigned NOT NULL,
  `StudentID` int(10) unsigned NOT NULL,
  `HourOrSessionBought` int(10) unsigned DEFAULT NULL,
  `StartDate` date DEFAULT NULL,
  `EndDate` date DEFAULT NULL,
  `ApproverID` int(10) unsigned NOT NULL,
  `Note` text,
  `CreateTime` datetime NOT NULL,
  `UpdateTime` datetime NOT NULL,
  PRIMARY KEY (`ID`),
  KEY `fk_sic_class` (`ClassID`),
  KEY `fk_sic_student` (`StudentID`),
  KEY `fk_sic_approver` (`ApproverID`),
  CONSTRAINT `fk_sic_approver` FOREIGN KEY (`ApproverID`) REFERENCES `staAccount` (`ID`),
  CONSTRAINT `fk_sic_class` FOREIGN KEY (`ClassID`) REFERENCES `staClass` (`ID`),
  CONSTRAINT `fk_sic_student` FOREIGN KEY (`StudentID`) REFERENCES `staStudent` (`ID`)
) ENGINE=InnoDB DEFAULT CHARSET=latin1;
/*!40101 SET character_set_client = @saved_cs_client */;

--
-- Dumping data for table `StudentInClass`
--

LOCK TABLES `StudentInClass` WRITE;
/*!40000 ALTER TABLE `StudentInClass` DISABLE KEYS */;
/*!40000 ALTER TABLE `StudentInClass` ENABLE KEYS */;
UNLOCK TABLES;

--
-- Table structure for table `TeacherForLesson`
--

DROP TABLE IF EXISTS `TeacherForLesson`;
/*!40101 SET @saved_cs_client     = @@character_set_client */;
/*!40101 SET character_set_client = utf8 */;
CREATE TABLE `TeacherForLesson` (
  `ID` int(11) NOT NULL AUTO_INCREMENT,
  `TeacherID` int(10) unsigned NOT NULL,
  `LessonID` int(10) unsigned NOT NULL,
  `CreateTime` datetime NOT NULL,
  PRIMARY KEY (`ID`),
  KEY `fk_tfl_teacher` (`TeacherID`),
  KEY `fk_tfl_lesson` (`LessonID`),
  CONSTRAINT `fk_tfl_lesson` FOREIGN KEY (`LessonID`) REFERENCES `staLesson` (`ID`),
  CONSTRAINT `fk_tfl_teacher` FOREIGN KEY (`TeacherID`) REFERENCES `staAccount` (`ID`)
) ENGINE=InnoDB DEFAULT CHARSET=latin1;
/*!40101 SET character_set_client = @saved_cs_client */;

--
-- Dumping data for table `TeacherForLesson`
--

LOCK TABLES `TeacherForLesson` WRITE;
/*!40000 ALTER TABLE `TeacherForLesson` DISABLE KEYS */;
/*!40000 ALTER TABLE `TeacherForLesson` ENABLE KEYS */;
UNLOCK TABLES;

--
-- Table structure for table `staAccount`
--

DROP TABLE IF EXISTS `staAccount`;
/*!40101 SET @saved_cs_client     = @@character_set_client */;
/*!40101 SET character_set_client = utf8 */;
CREATE TABLE `staAccount` (
  `ID` int(10) unsigned NOT NULL,
  `Role` int(2) unsigned NOT NULL,
  `Email` varchar(255) NOT NULL,
  `staPassword` varchar(255) NOT NULL,
  `GuardianNameOne` varchar(255) NOT NULL,
  `GuardianPhoneOne` varchar(40) NOT NULL,
  `GuardianEmailOne` varchar(255) NOT NULL,
  `GuardianNameTwo` varchar(255) DEFAULT NULL,
  `GuardianPhoneTwo` varchar(40) DEFAULT NULL,
  `GuardianEmailTwo` varchar(255) DEFAULT NULL,
  `Address` text,
  `IsLocked` tinyint(1) NOT NULL DEFAULT '0',
  `LastLogin` datetime DEFAULT NULL,
  `CreateTime` datetime NOT NULL,
  `UpdateTime` datetime NOT NULL,
  PRIMARY KEY (`ID`),
  UNIQUE KEY `Email` (`Email`),
  KEY `fk_account_role` (`Role`),
  CONSTRAINT `fk_account_role` FOREIGN KEY (`Role`) REFERENCES `CodeRole` (`ID`)
) ENGINE=InnoDB DEFAULT CHARSET=latin1;
/*!40101 SET character_set_client = @saved_cs_client */;

--
-- Dumping data for table `staAccount`
--

LOCK TABLES `staAccount` WRITE;
/*!40000 ALTER TABLE `staAccount` DISABLE KEYS */;
/*!40000 ALTER TABLE `staAccount` ENABLE KEYS */;
UNLOCK TABLES;

--
-- Table structure for table `staClass`
--

DROP TABLE IF EXISTS `staClass`;
/*!40101 SET @saved_cs_client     = @@character_set_client */;
/*!40101 SET character_set_client = utf8 */;
CREATE TABLE `staClass` (
  `ID` int(10) unsigned NOT NULL,
  `Title` varchar(255) NOT NULL,
  `ImageClass` mediumblob,
  `ParagraphOne` text NOT NULL,
  `ParagraphTwo` text,
  `ParagraohThree` text,
  `MaxSeat` int(4) unsigned NOT NULL,
  `DueRegister` date NOT NULL,
  `Price` decimal(10,2) DEFAULT NULL,
  `ClassType` int(2) unsigned NOT NULL,
  `BalanceType` int(2) unsigned NOT NULL DEFAULT '1',
  `DefaultTeacher` varchar(50) DEFAULT NULL,
  `IsPublished` tinyint(1) NOT NULL DEFAULT '0',
  `CreateTime` datetime NOT NULL,
  `UpdateTime` datetime NOT NULL,
  PRIMARY KEY (`ID`),
  KEY `fk_class_balance` (`ClassType`),
  CONSTRAINT `fk_class_balance` FOREIGN KEY (`ClassType`) REFERENCES `CodeBalanceType` (`ID`),
  CONSTRAINT `fk_class_type` FOREIGN KEY (`ClassType`) REFERENCES `CodeClassType` (`ID`)
) ENGINE=InnoDB DEFAULT CHARSET=latin1;
/*!40101 SET character_set_client = @saved_cs_client */;

--
-- Dumping data for table `staClass`
--

LOCK TABLES `staClass` WRITE;
/*!40000 ALTER TABLE `staClass` DISABLE KEYS */;
INSERT INTO `staClass` VALUES (1,'class1',NULL,'this is first paragraph of class1',NULL,NULL,10,'2016-09-27',100.00,1,1,NULL,1,'2016-09-26 00:00:00','2016-09-26 00:00:00'),(2,'class2',NULL,'this is the first paragraph of class2',NULL,NULL,1,'2016-09-23',12123.00,2,1,NULL,1,'2016-09-26 00:00:00','2016-09-26 00:00:00'),(3,'class3',NULL,'this is first paragraph of 3rd class',NULL,NULL,2,'2016-09-26',50.00,3,1,NULL,1,'2016-09-26 00:00:00','2016-09-26 00:00:00'),(4,'chess','\\\0JFIF\0\0\0\0\0Lavc55.18.102\0\\0C\0\n\n\n\r\r\r\r\r\r##$++3\\0\0\0\0\0\0\0\0\0\0	\n\0\0\0\0\0\0\0	\n\0\0\0}\0!1AQa\"q2#BR\$3br	\n\Z%&\'()*456789:CDEFGHIJSTUVWXYZcdefghijstuvwxyz\\\\\\\\\\\\\\\\\\\\\\\\\\\\\0\0w\0!1AQaq\"2B	#3Rbr\\n$4\%\Z&\'()*56789:CDEFGHIJSTUVWXYZcdefghijstuvwxyz\\\\\\\\\\\\\\\\\\\\\\\\\\\\0\T\"\0\0\0\\0\0\0?\0Qb\"\qF(,T\\S5a_ÿJo_ƦkU\\\f/\\$P&8\\~\@SZ(v\0&\Q	\"]vS8\\}((\K1@bT(\K1@bT(\K1@bT(\K1@bT(\K1@bT(\K1@bT(\K1@bT(\K1@bT(\K1@bT|5\n\-\mDy]䠚\bK)Vky^tb?Ɵqo\ІS$npc\\\Z\O\\F\kX\p\wV3W\\\\Z\}[T\bb\F*\\Q\0b\F*\\Q\0b\F*\\Q\0b\F*\\Q\0b\F*\\Q\0b\F*\\Q\0b\\Zcg\$\0q3\\\~\Z\mT\C\\[#iQ\cam\ncՉfc\\ZAa\\%Z\\{yI\0\\߇kwZD\0y\?h\j\r1\c+=\u\0q\ߌ\r޹,W\\"\\7!^*WBG\@bTأ(\M1@\Tة#\\"F8.ʣq@X鷚]3w\>Uf?(MwcwD\Zi\ˏ>\\dv\][BU\'vcܚ\u/\<T\\r\r\\"8v\\G\ׯ\\DG\s\\\'s\6H\@ZL<\N\rz\Xد_\@\'i#U\ͪ@\'>\r\0r6(\\0C1SbP86(\\0C1SbP86(\\0I1R\PX.(\\0E1R\P6\)yiRƨDv\X|RYv&;cyp\p(y.\\\\\\{ge\zz\F[8\\OB\\(*\n\y\0\n\0ԆA*\S\\s_\0]n\\\"\_\0U\0&(\K\\P86(\\0C1SbP86(\\0C1SbP86(\\0C1SbP86(\\0C1SbP86(\\0C1SbP86(\\0C1SbP86(\\0C1Sb(\DnP0jh\H2(1F*lQ\0p~>*7)y1\ԩI3 q\Tˍ\\cȺՌPX.(\\0E1R\PX.(\\0E1R\PX.(\\0E1R\PX.(\\0E1R\PX.(\\0E1R\PX.(\\0E1R\PX.(\\0z6\eP\~~\\zcӵy\\\n$ܽ\<}H\\amE\\\q\0\9<\0Z\\Ta!\CT\\'ہ\BchR\--\V<\\c\\^SןZ=\\OW.{gb\"\qF(,Qb\"\qF(%\\nLN[ƺme\"Yv<\\yV+Z\"LtP\0vR\\u#\0\/g>\\\PE\'BMj\r\1\\n\}^;ȼ3;t\_\\4y$1@\Tأ(\M1@\Tأ(\M1@\Tأ&(\I(\K(\K썏\0s\\ޡe\ׯ^T\k4NM\0O5,>_\YtŹ4\09<ң9ǭGE\0[uo^\"3!ʜTq\PJ<>\\}(w\h++\FN\b9S\@6(\d\z\Í\ס8oy\@\6Ѷ#\6Ѷ#\6Ѷ#\6Ѷ#\6Ѷ#\6Ѷ#\6Ѷ#\6Ѷ#\6Ѷ#\6Ѷ#\6Ѷ#\6Ѷ#\!\Zm!\Z\0\ھ0e@pM\\bXH&.bT*\lž|Aۭ\0c8yVy\0\\0@#8aZ:\\0&(\I1@\T(\I1@\T(\I1@\T(\I1@\T(\I1@\T(\I1@\T+\|9\X\c[\\[s \.?\r\&\\\Z~E\E{\0\\0uCNHCH?5\_n\'%m>\\CF\]\\Uu;B(l84\R\7\\\.#s\O\\'\+\ZuN\\Z\0g+7\RZ\}+\\X\\\$PF(\K(\K(\KkO7wp\\\O\]\\\r\Q\LՎ\ea\0u\}+bh&9Aչ\\\\0\&\\~t\أ)\\=	h<Qmh<Qm9Q\$\0rz\n\0jFDVvc	$]euY\3,p\F\\z,\\8\w\*\0Bq\06?U#D2\|ɀs\Q\\Y\\"\\r\бG\\*?]\0ϼ\0\\0½\3M\0|\0EK1@QR\PU~،SZ=Cb)\tOZ\'\U@RPE--\06,$?V\	j81^Go\\\`~\Zl7z{T^b:\0֬)\3@)qM-\Z\Sb#\1F(<Qb#\1F(<Qb#\1F(<Qb#\1F(<Qb#\1F(<Qb#\1F(<Tr\{V1UG\\@@I5d0T{\Z\U\E\\?\0^\\n~_Z\ܖ$}.\\:/\@\\}M\rJ\l3B݉+B$\қ.cuzb\'Ʈ;(\I1@\T(\I1@\T(\I1@\RbPtT&(\\0GEI1@\RbPtT=\9Fe>\b:-B\o\kl]3W5oC\o\Waf\\\#x5WP6Klɼ\1O+^9?\\0\0PY#T\\׏Ұؗb\I\'OSN\F*LQ\0b\W\,d\.c?\?3vEX?VTg`3\0I=\0d\t\-l={.,\nC\FT}?\k.d\\ʙh\0\'-L#x֨\\P\G\\J\>\5x0\(\\\\(<Qb#\lh\n[n}@$~6h\]zȠl 4\vPw\̹\\\#ձq!?6E\0u^\[\jC\6npi\;\@`\yXs\h@~\0I\\5\ZRxOD|ǩ\\\ֻ/C\@|ywOoZ\h\O\\\A?S/絿?\0\ת\@Q\0\0=-\0\\0\k\|={\\"vFKl=p0c\^x\\JfQsp>?1Xt~&{Q\Op\_?\\\\0b<\nsYv0\3\\UXm$Ptb(D\*\\ր/\2B\!\n$;\H|-\ߣþ\\\\' x\\Z\Zִȧ\'Ǥ:|<?H\0ߦ\0\n-3⾐\&h\\ev?\\q\0l\)d\0߷\0\n4P\?gyK\0|7S|G?¾?[4Op=\La@$0\0|J\\\'o/N\Q&}q\\]=&f\vud`~T\\W_kZ]ضtʋ7\O\\\'\?P\W\0gX\0ϭ_fi\0\o\0~\(\{\t\\0.\\\?\\\\0@1^\\0Ϥ_\NuO\\0\0Q\(\0˰\0\\0⩟i?\\\U\0x(\{!֓\\a\0m_\\m\\Zf;Ur\O\E\0y(\{\"\gf\0+>-A軩!\'B\x\x\@_1^|\'~\\\0^X_\\?\"\+\0\qU\17ά\\@\\\oC#ƣ\nƱ[S?\<Ҳ\\kIW\\\0@)\\rsɭ\j\jq9/ud4\O0^jj̶\V^H1]\.N?:\3O\@*8\0,\_ά\Dc\0 \\N *:8\\s\OҀ7xF^V*mnGxd\'32}m+]2vD\q@~(\u\\a?\7Sy\\09,QꏆQ\0,T\0\D\0\Za\?\\\0\"G\0\P11])?\ٿ\\0⩟\:\U\0s\a\\/\4â\c]&\01[?\:O\0|\Zoe\0K\1Z\ף]g\0mϱ]wPv(\^6߷\0\no\\\0R\\rOby2q\0\\-ߑ\n6\\h\\0C1Sb\"\hF\rK\\l\z$_\\0nQoodr3<ֱ\Uf\I	c#Y\Ȁ\0?iR\\\\0uWb\qF*lQ\0b\\\\0\\>\\MֽurZ%\`<T~&L\uU))h\U\Z\\\$.Tf=)\2/ D\\8\פ9Ȯ\B\ \4Kb\qJ\0I\\0\?t6ڤ\)\nc{\\JK6\OP-\D8\\\ǚ\0VVH	\o˭k\07_~+\nt\nH\\irL|P\Zί\\s1\	1\\}Ӯm\NNVF5\0R:\xأ\n\'ߪ\=1\_z\0Jm\b뗏c\O\1\n\\\bk&\\gv\%B{=(\ŉ$I\\'\'%\\\d!]\T,\0e$2AS\#\S\\n\1C]&:ڽYϽna\Mp\\\r~E>D(ب\\0RPFph\g+~<_\\0֮\\u  \rz+\k\5\\P\\m\0?\Ho\\Y\0\n\-GiR&E.Qr\+!\\V\i\x!woir\\Gs@\ZTnbSM\\\0\\\WϨKq#H\]\;TmQ\\0\*\\0\v^\\04\0\#\0/P\\\0\Z\4\2>\?ƙ3Y\B\,,)Vj\d6k\jw@go&8\N\\\=I$\Zʹvcv\d\0\x\K\\0;ohֲ	Rw\R\\~\dW\>q4\?4-躓\\0}a\0-d\0\h\\RR1,\k֬4\<oss:\\,\y\0oQUc^g\Z\0\\ߗ\0^,QU\\0Or_d~\o\0|\0\vym5LW\\\VO\\\I\ZZ\\?we~\\0ף\\\\0(_\r\\3]G]}\\\FB;p1Kc\T{h\+(\L:k-\k\0?ԟg\s<KŞ$\\\!c\8iXu\G;{כ\a\.]7U;FgG\ۏ\>ٮDt\\<PhA߲\Kie_\D<\\0\UFO\\\Rz\e\Wh\0SQVTS\R\'4\0\g	\<?.j\\Kyo-\\\J\0\9?V.<\Z`\n\'r\\)\\{5hK?DWsMlH!c\\a\\\\\R\ր>x\ahrHսA=yo<Ame[\̲M\ZI\n{m@M\0^t>\4~V\0Mn\0M\03R\\y\\$i#\\x#IW\ڕ՜\0s$\"1\k?\Q2}\Qր8>w\dI?|d\qlf-u\\0\h\\8`ici┸\9^=릎[H\\A\\@S\RɌ\6\8\\0\\D?\:_>违\0OIQy}:<迾	i0=G\E\0=\M\\0\0\k4.\\Bcy?K\0\0}/ӷ4\0\<\\\0W+8cy$\|8U\'\U܏QFDJVVy\ ҮAk}*\\#|v\\UĚ\"JK\\\\pSq\\?%Y\\\O$c\\oi	s<\\\\m#\nV\eXL1+*Ona,{\0YqƷ\\\\rqn\\q\5F\\\\e\&$aNÌ\kMeI\e*\NE$2K\ZNfH\\0x%w\0}*@o#I\0\'\0M\0kJ?\\=6\\V\\/\\0Q=kR9oF4\\'jia\0mWWE\0r?i{\0\\Ʀ\:f\O\\ɀ \]$rUj\0\\4kKHB\@#\X$rMs-\\\rzoYw:E\r\Ҁ<ܴ\vd\\\BA\\\sY\1u\0A\\\\iw9\Qҿz)G\J?哚\0Ћdo4p\\犘E\-\;ϖy\\땸\ṌtGNa\\'xە?\\0to*|?k\;\D\n\\\0\4cB\\͖}\ 6~\J\[V\9l{\0OJƛNdR\M?hky:HT6\0Z\ 	ލ\\yzj[\Z_\e(랹*\\7\\dhiҙ\Wē0\\\0M.\0\0\\0\n\04?İO]\1K?<{D\\1E#>ڞp\':\\W{\0\0Y9>	/u! C=\p8o\0]6H!\\DN6\ڶl\ \Јyd\\\\ny\Vw/\$\\{\6\8?5w\\'\c\u@a爟3\A=rFj\0\7,:G\/!0\Z_\qu1\;(QQb\\K$\\H1\1ǢU	dA\"ױ1V\}ږh\@\n\$z\Zp\r&E~G7\'\QMF4c\O\@=Q0eԫqC\Zڹc,zz(\\L[\+z\_6>z/S\  \JpQE\0QE\0QE\0QZ:}\AqV?\ހ:i_h풯\\?\\_\^U\\\\mH\(\PEPEPE%\0QE%\0p2\Σ4\iJ\0\Z\\\o\ÿZԀx<^\0ejwb2|\\\~ۣ%O\O\1SEy\\u\<\0f\'(ыsd9\\9$\1¦>P:POGր2Y(:Ti\Z(wa\\^$\"\	\ZE! *s;Puƻʜg\\\VK\s\"3\\\\0@z}\&\zđlQ}[\R\(\\ZE\\0k\E¿Π\tN}\<+Klq!E\0t[\Cӎ\xfrm\'\km^v\;>{\\xoZ\Bj\@\0c\\nx>\0|e5ehO\\0a?\\0\nx\\\0Q0Y\0\(\\01\#*O\\0\\M\\0\%-\0]\0\|OO\i\Pv~\f\0\Z\\\iq\0\U>\rn+˨.IP\0yҀ8=q\P=sOR\o\\0S/o\\\\Z6s{u,{rw7ʣ\\W?]ݱFyT\JQs\0Q\Ozc5V*3-\0,\lMހ+\Xe*.\B!)K\qt\ߥv\\\0\+͉*ᔂ+\\\\-cz\0ڀ,Y\0\\O\0O-\?\\ZMH\\0q\0j<@\7FqӞh\}ꆭ\0hZK\܁ a\\I\\˿Kvџ\0\n!|~i\5c }+\῎a\I>\U,}4\!O\\z\לV\\`bO\=\\0w\ n$0vQ\\\O?*\0ږ\/jɖ(\qU\5VI؂O\=O$Zҝ\Xm+}pj\%\ϿDMaMd<2fTbB\=A?,\JA\\0\[_n|MżG:0\rN3\\^O\\Z\tv%=\\94\0\\;M]\%\:5\\0lE\kr\rV\O\\`\B\\k~ՏD_\@\0	6\0M\\0\Q\0	6\0M\\0\W\4d\7\Z\堵\0\\\0w\0\\]$PF\"h\0d\'5\\́\G\0?\0\M\0{%x\0?o\0|\0Rj\^\\0\0\\[W1${0\\\^ww\\kK\?O\\}_{\0uo\\0I@xWUռ\r\kմKG7	تlq]^?\0l\?\\rfU\\T\s\\ހ<z\ZE\0,\\n:^T\*@ՑZk\;\M\CKE\0K\n)2CT(x:o\\`\0<Ӫ\\̐$\\$j\̽	=~\\0\{\{s\0}\04ӫ\0?P\0\\M4CR\0\0@]\	j}\\0\iO\@\j\YG\0V\0ή?\\0\\\0\0\(\\˷?\0L\0{W\0G\0\0z\\Wu\\쟇S\\\Fc\rmQ\\\9˱\~\\1z?ޖ\\\0@VP\\\\i\ݿ_\r**\lOK\R\C\\\0mh\\\\\۞B\;·z\\0}\\T~b\_\;p=\\@F)h\\\zi\rٶ\0Rq6?:ʥ}h/.-q4n\\#I2n\npZ/\4UƦCګ\Ҁ$_YG\K\_Ƭ\"*\)إx6*\\TZ\zJ釣J\\0B\#\Ο\>\~\0yg`J$`1FqPrΙt;i\\^ߝ\03˄w&Z%\O)\\T\\`UZGz\],(\'8\ph\ w>\sq\@dhE^QW\O\+%[Zph\08hQOPE-%\0--%\0\x\\\s\?κ\u\0\0-#t\\0|E9*x*H?QM+Ή\6\N\8\O+\\\\rsGg?3\	\bv]Ȩvb\sWF@\0\0\0\0\nt*z(\\\"|\qIn\0Һ;*d%\o_ֹyi\F\4\00<*7\0+\0\Oz\u\0^\\\0{\0l\,q\?\Zo_^yEr@Y?=\X\et\\n\' ym\:g\\j~gؤh\d\\X/P=Ұ\rH\ٯ,G(#s\u4\Z^\$?U=5n#vO\Zʧ`\q#\\\J\WdC\0M#\~:m\"ok\>\\_\\\\Z\\\Z+&O\njP\0ǥ\;+\^T\?\-V̄\\\=jq$Q\9g\S\كa\P\v8\w\\\\Ϻ\0u\O\4\\0\0r\0i=4Dr۾ҕȻ/\"\0Z\0\\\\?Rլ\M\fE\q\k!Dw>i\\A]`u2\Zi4g`=I8^[U\b\\\\\E7\N\C\\\\ִ\\0r1\Ff厩\PQƹ\[>\](fsW#@Դ\њ\0ZZJ(i(J(j|NjjJ\0\(M5YV\y\Tm6Aє\P89k\\\i4@㚧@]\99&\g\!\Z\\\)\sI\TT\n\}\rk}}.\0\ĿM4\\\ks\0~%\0\hΕI\Atay\3_PF\,i\"e>E|\\\r\\jw\\\rx.ά\'3\\y#\W\H*\nt\0\n\0}Q@%-\0R\PTo#\N8ٻ(&WxU}ϓ\$\\зӲ\9us%\O)\H\>ހ{Q@Q@	1KE\0QE\0\\?3M$H:;\0\Gi\|\Z\\0}\4Pur:O7R\q\05^\0sHe\X\Ŏ{\\\er\\\0֧ʘb>\\9dˌve:\?\E\08?}\5Թ\?.L\\{uSV#\h\\5\Lr#&\\\\صkXXKqe܁Ӆ\\0;\0\MGbGN7(8ݪs\ \0\Id\0\r\\l\`RH5\h\\Z@\"O\W\0\Zaɇ?\]e<KK\0\0m?\ZCM\0\0]%\0q?\\\\_&\0u\0\?\(\N\3\0\)Nh\\Ed7F\*D&И9G|פך\f=?\r\0E\0	\0ϒ\\\0\\ǌ}l\/\0a^uK@<c{&\0\0\09?\\\0y\\0\w<cg\\qזQ@<cc\0<.?\*0ӿ\\Uy-\0z\%on\0U f\?\0\Ǩd*\O\?\T\\ZG\\'\0\nz(\\0\&\\\'\0R\?\?\n(\nog\[\#2:< _\:\\0\0v\͹Y\\\\z\0)\0\zn\\]Lnޭ\Ny\mr\F㐯;vs\\\0\\Pj\z\aq[0\~\hY7\n-\y@>Uh\\\#<~}*6g?\0s%x	0\\HkkCG\A}?Z\0\\\0\F\A}\5\MuPxϥ\0y\тO֞X8IS\0g\].q8o	\\\z\g =,g@P2.K\0\s\Z\yc2\oq4p\Ev@\\0#(كT\\Ht\052\ڲ\0\\~Ӭ/E{\rߟ_ֹ\<#\-sj\\ۅyH\0?`\0JxV\0\?\&=\r)r\uiǴ\\0Ț\G\0/\1\05 N?\\?X\\0\ho~m\Z>}븇XcŚ\\0\\0~\0\nxX\#\0l5\}܍\8v\,}k\0\W\>2\q\\\0\3\0\Pm]\n$OA\\E(naW@g-\\\PI:`t\5\U\\0aʕIW\VīT\0\>f\rY2\0\$~u\\\B&C\gǵ\0p\\\@\"2#M\0\R\0\/G\0~\09(\0(\0(\0(\0(\ SY3jxg\\0\0nEm-\y1.pF;t\O@rkT\\=\Ą\3ל}D$\0s\@\Z4Vic\)d޿ʀ5j\sҩy棐\\0|DP\\\0h}\V\\Kf\\\\ oѕxi\e\0}Uc\\Z\Q\&\~S\Z\k\\0\\kxGuFf\\͏*}P\TU+\5hm\|r\=A<Wh\0(\0{wqݏe\\1\m[\v\0f}09\T?V\?\Z\Zyu-\ē\r\s\eUJ\0(\0(\0((\0J\0Z)(#cLA\C~+\\\_ \+>oR3qjw1y\bA]ʢ\r\\ٱ@	L\'SJ\Mycy<e\<fڏuh@	\=+\C\'^LG\6\\"\"L.~\z\\\\Mܹɠt]~\]\j\rc̉<\ч\W\\Z\\vk4LWFw\(Q@Q@\r\g\"\zF\ozyGOl\\\8ZZ((\0(\0(\0(\0(:\y\Z@	D~E{l&U\	\}\'/GUa#4)BQ\iU20T?y\KYG\hz~C\t\^ž\_)ew.=b%;fYmu	_\Q^\%,\\\˶\\0\\\x\0ԭr\U\\KZ\O=?y</\e@F\&7\=G\I{\'[\l{-@d\׬#\0\\Fu\\\;\\Ӽ\\\\E\0o\{\\'Uϸ/5\_d\V\\Ҁ5\8\nÏb=\z\c?x|:\Z\n\[@zw5gvXh}\\\6{+׭7\A\/\\\\\0\Z@\M\ǭ\0:M(\\\=\sbg\\0]N6\~`\u^\>\\SrS|\\0MB\\z\0AY\0sWݪ|\&ȵ\\rU$L쪲\r)+S\W\&=\\0@|}\{s\0}\04\\\rCz۟5\4P\_޷\0\\0Q	꾐i\0\װ\@6|+\\0\Uυq\0,P\0\T\0\ZJ\0S\X˾~G\0\U+P\\6\jlט\\\\8H\\0\\h\\i\GATȧQ@\mII@Ji0LE\0t\\YW+vU?CI@`\b\7QL(*zm\0V1\`\jO!\=\\\]YJ 9\\^˃_+iR\d}~F*q\Z\uq\0_h\LRW\r[Pq\0i\Y\\Kˏ\\WVm\\\?\\\O\tixzmKP{\\>Kq#>\uؚA\08\G?蟃?\0M>\\~O\'\0@+E{1ގ\\\?aƐ唃ڵ\0x\-{	a\0mTg\Za\p?\\0\h\ikֿ\ӿ\\0/\0M>\0\O&<S\\>\Oσm]M\0|%\0ym\\C\\OUF|t\W\0\{^\0\\\\x\\0T\\!M\̳v\'Ѧ\^\4*ȮAU ds\?\t4e%r\0A-\Ds\\\Ⱦ\J?Ft6>Z\VG)sl\Z%Ǩ\\\\0i\C֓\`~e\\0h]\;#;\Iz*\~2*3Hg#\\\P|o\5*\Tj|\fi%n*\\\\\#}\o\\\6\ytO\\0xz\\*ǌ\MK-ī4,99;\z\0\\Z\/x\\G_ \0\EdcL=/-\0\O\Z\\\/\Dj\'^\0\\I\C\\\0mh\y\u$\'\Z[\\\h\^K\\\l\1Aa\\QO(\?\M4\0QE\0RR\\IZ\0((\no\}J\'&<\\w\5\\n\0c̫\0WF\\\Zm:g\\APOk:^v\8La.T{\zcu1>75\a͕\)j	\\rpʰ>\\gV\\r\w?\V\\0|Ee58\0\\V,;	YҠ.\G\<M\{)5/a\\0[f\0נ?\\	\}jX\0˼\\_\\"\<Q?ɠ\\b\jPE\n\W·f\0?kA\8\\Ac\@lc]\	\\=uHt\[ &\U\\\巖ogq$/\'\=\+\\\\\4>\\(<{Z?\\\0y74\Sm\@\n\\Q\0p9>\z4X\\Kɔ4\\rц)\@\@Ɵ\=Bˑ샧\\|ǃ+\1\^Z\֭#P\\3<C\@x=Qn5\\:{1inMq\\Q\0\TM-g\eQ7\xɚppӏ\\,䏖.\\rB͚KQP;jY\\0zu4v\\{Q!\N\\\j\$\\\0\h\i)i(\0)ʊYUQO\0\\I\"Ĭ\UFY\0^#\mWY\b\wl\=X\\J\\u\\\\\	+n\e#kb1J\0\6^4ߴ<GWR\\'a@\/\\\wN.]^Rc%?\n=\rn\"~\G\nÆ/ޫ@\\0?5pz\\JR\[S6TX\{[\\n\ڞx_u7UM\0:I\1\@Ԣr\\Tнɤk\8PUGeJ[\\\"\\M9#f\3@[Hc~~\-n̲@\\OS\4\yV\Iu2C,\OR}(\שx~\\y\?y(\;;$\\ \\ݏv?Z\\ZxIOUL\'\rR5\0Ii\\)\}4R\JZ\0(\0\|h!}1c`([>fc\0F!\kּWwC\+n\m\A\\i\@\\1W\Z#DhP7\[B\X\\7smu)\0~\U,`oecz\0zll\\<q`|;\ \0N3T\dJqUO\Ryr8\03\n\'\9qML\\0Z״]0n1\0&N`zb.\\r}MKҖ\n(\n((\0j\\H\\^+^\\\\"\\?\0t\W\O_ks\\\X*+C\\\0l\*/\\\0.\0\?´(\\\]-\0\\\0Ft}1\\\0\S\G\\\0\\\r\'|\\0ǿݢ9\\\ \0ˢ\O\0\S\0.\O*Z(>\?\\\?ƙ\0圣ڵut\\0\\'\0vq\0mOToAC=퉓Ί&!dm\W\0ӑ\vt\A\"27!\0t񖣑<g~:l\*+\ib<ݐ\0N)ݍ\0z\"\u?\S\\w8L7|\%o&8nC\0.=Tx\wo\Q\0\S\0\9|\\0\0\דFM\0z\\'\&\0<ofz\\\\"\\0\]?x\\~I\0\S\3\O\0\\i	\\0z\0&\ZWu\T\K4SdƼ^\0Jts\0-%X_h\ANA\0׈\@{h\\3\\\[;[!\n睥\\q\8\>\\7\0SxwSνP\̈́\u\0\\׷Pj\\\\\0\O\QU<\0︦@>\rR޻\\\g\=3\{]\\\0kuǨ\0v`ԡ\޵b_}heT\, *4@\\板A_\0r:!\0\\\b9<kַ\c\\r\0xO2}\\Uf`~\r\[I\fI\7\0v]՟qp\\rνVMY\\v\0\\\\rv4\(\I\@%-\0\)\Ӏ	\'\0rI\@bb\0\0O\0\גk\\conHS\\)\>Z\\Z\cmn\@\a\0-H\0\==k\09\8\0\"\P$\1\5E\i]+\JO\=\\r\\@\\\x\[b́Ԁ9?,\\m猎\u`T\Jdi T\\mcл#\06g|\߭4\\'\]\\\!?֨H\\\b\zO\@{\O!VT%G@O\h0!=+l\\xaր,c\zSp8JXH;v\,rj\1f;S\\ŭ\*D,\~\0ihzq3\ǂ\=k\b]Z\\;($tr{\U*)U@*a@4T) J\0*\[hd\h\]6+\0?4\\\\\n\0i\W\fc\'5%F\¹\>\0:\.\\0J\G\\n\0QR\\M~\\Z(T#\j\Egb+_L[.\r\0=M\0hִ\ZFrGm&\MbcJz|bYOq\s\m09BԢ0g\V?5\ѱWRu`\k\4o\S\\0yj\\\fh\{\Uh\0(\0x\\\*\\!\׃׿\Cnf?\\r\0jQE\0R\E\0QE\0QE\0QE\0QE\0QE\0--6<_\6\F#ceYף~J[\\\\f-	P*J\0\\Rb\0ZJ\\њ\0JZJct\*2sM()\r\0K^\\S\~S\ooVO\o\k\kcI\Lq~\\z]G\UsQr\\5e(\1\\\Kx\\\x\N\=\[\nB\/w\\\Z\!\@gkm*qy\\O5\\w*\\t?Y_\ Y;H\ָ+Z\r\\z\?7N4\èI\n=:ʵWYR0\~D\ZTքgm\2@é0\\!\\ѷ8?Dжn\\?,\bz\̮;~FTj\0?0\Z\\S\\P\G^\\\rB7I\?\0t\?4ҹR֓t޿ʀ=:\;\0\oO3|\$o&=,rx*ֶq#j}\X/{Wa\0dr\\\{^\0\\\^|/k\\0\\T\C.{]C\0|=\0yޟ\v?\Q_[\\0\0\5p\Xi*y\\\Z\\\rKT\0\Oƀ<qn\\CU\\/X\~\\!?\F|+\\O\\'[4?\#^\|-\0Ϩ?I#\0\\P˛~\r\0٨\1)<A;	U>\I\0\0T\\M\\o\\h\\\c׊q\k:.?\\\iҵ\0.\9U\W\Gj\:u\\kp?\\0Fl[y\WwG0EW\Oo\XZnXvo=n\A\\^2~PgNVE?e\0ft\ZceM\0Ex\mS\qK@Q@EPEP^/\kϵjN\`Po׏½r\m-\3~8\~\'\9vgnK\@(\\_}~\5x~\V\"oƀ!~\)\\(R\\o\0Y_b\M:\Z9يd\"+Ooh2yz\\9\UY\\^G\r\\Z\"Goʶb\\EW\r\0Ud*p\[np:\\ӚX\<\[ҍ\[~9_q^bx8<W\.\<sn\VF\n{\̊B`c\0xM{zq\\ڣ\\0\\4\}7\]j[HGnI4\\\\E\;OWXv\\\0^vҕ*\\5b\\S·O*\0\h\0(\0(\0(\SphYUk3̖v\\0!5q-Uys\0\\0\\f,\\\T\r\"/q@>jxS\Ѓ\\Nj?8lP]Esj/\\޷b&]\r?ր2u\oi1]~JzLЌƾx\\\	\0r:\0P@pj\ZS\{P1O\KI@	Q1\9G@Q@Q@\'Z0!\0\%\0zτ5O6&\\r\gg\0\ף\n\\K+#8h\7\w؎+\;[\\-\#CoP}\\X\Q`B=\y\qJ-c\'\c\q\9\\S\'\&h\Dn\n\4\$ 9\?hE{$}<ø\݉/\6u6S\0V[WkFY\GJ\0\\]2b\\\/u\\r.	\O\r\eA\Rn\\\\}FӘnw\_\k-:\\0j\L\nOq@\\\B\0\~\y\[YG?\\GY\rio\\Z\a\Bg\0senO\\\\\\'\]6\PWw\V\˴\\z\|?i\Xba\\\\#5\\0R\R\E%&hh\0ZJ(J\0uP9\Vڈ?\*z\\|bw̤~\ԯ\\nw\\/t_\(aMw(\0\M5%\0X7ҏh\0\R۱\\q\0mj5\\\\?\ƫ2\0\\ZΦ?\\F|V<A{O&#\\H\0\(xW\O\8\0xV\3\0lZ(+\GB\\0\ZxSE\0g\02\0퇌5۟T\\[\\0\Z\0+;[\m\RhY9\\c\0\o\0?s\	[\#\r\'\_\ฮ<2.גߵ\0\#\\\0!u\P\^$\\0g/;\-\ێq\k\w4j\Io\\r\@z\nlGA\9!Cq\00\nGZʚ?\"7\©\=\\h襛<դm*\]X\'\Nk_\\0tK-\.b\\p>O9p˾\gT\A\گ,}\\\0E\rWR2lv/S\\TWW[#\z\+\\bOz\0\Zzw49\]̈́\\RhP\Ŧqp\=O\һC0?\\e\\:\\G4-\#\0JV5]\\\a#\\#KI\\i$Ep60fPrg\V\0\0\K5ui\\\n?sSF\\ɹ?gP\M\0z(u=O\)\\\\+\\\W\tkҭ9R\\\G9?\\0uwPd8_5J0d`W~J\O\nW3!\;*05\\\DflA\+%H\U-\0P\Ġvn1Iut]z{\.K?\=rǞPF=\\֩\>O\0iyU\kǁ/\;0=\)\J\0\'KĈx?>Ŗ\N\\\?\V\.\\"1\U \\skr<QtG壴m\I\ \\\9\n\\6Ǵ\\0Q\0\k\\\(\i+\σ \0\\\0D|t\\8J>=8:<^\'?]\0y\Gw\\0iw}`(\\\0\l\0\iڏi-	\0\(\CT?\\05?\0mGP#֦\0\n\ǅup\F~)ư?\\i\0@\M;&G5q\0.\0\?\0ϤT\6}k\|yR\KE\\\Cq-T\0\0#P.\\\ir2:(\pjP\\Z\5-t\k3(\F\\AQ=.\0\\\0m\s)I]OU`\j\Zh\Ss\h\\\0\0s~\.q\rJÓ\ŷzjBa\.\fO\\"\Ci\E?\\(\dĶ\\,\"q\\\gw\]\zn)Iހ< \\\\[\/\*?\\?\7^\\@\0z$?U\UΟf\\\0\n\0\ע&o֠:\\m{\?{m\\ZO[\0v<\'\֥eG\\׫\0\\^\(}(>^(\&ihRPQE\0QE\0\0Q@	E-%\0T3MO,K1\M;\\\?\\0oz2I9\'$Ojjz\\\k\>@	KE%\0-%PEPEPEPEPEPEPZZe\\w+6\\$[h\KIE\0-U\\[$g?\*\yGuo=2&划|v§\0B?\0yMԲ]\-Ą\\\05QDj_Jl\g\^tmY2\jx#_fV-Ƿ\0\u\Z֢\\x^dh\O<\0xuU\\MxB;\\,gk!+\tZ\T![~\\(LZ΁.\R˩\G_ß\T\\\%ڭC{\\cڱ^)x\0v\\06\$*d{W\_\\\Oo}}\\0\|\\=G\*O<c\\15\b.\GFBArv\d{vtI@qH-3X\c\\\zz\0SP\1l.za֮ٮѸ\\0\\Ce\Tg\}ꦥzh~Py>$>T\14\\\bXVb\M@G#v\MۺT~W\0W>RӼ\ntU\I}(n޵e\'vQ(\u\\\jhAG\\\\\0+?L\6g;\\\\0\+S\0RR\P\\Z\0mQ@E%-\0Pԡ\P\@(\T!4\\+\M;\~j.eˏVO\_\>\mx4æ\\3e\==\0sآ1@	\r<H\\GE\0L\'\\[L?\\0U.ۡ\\q\0m\0|:]\\0\\\0\Z΢5F?Ƥ\Z֨:^\\f\r\\\[g\0\oj\0?\0֬,2(\))hh(Q@\r(h\0ZJ)h1^[\W͓\17\\\O\]\hJ\Iz\_\^ \XbI$OROz\0mQ@%PEPEPEPEPE%\0QE\0QE\0%{i-:\\\0\?\'\^EZ}P\\\r>\\0QEj1\VS]>>Q_\9O|\ws-ĒM+bY\U\x\UvDl\k\cIgyĚ\0O\j\᪥=c\!\04-\\n\\֓\y$֏&|9n5(eZ[\cn\iyb\h&7i\\n~C\0ҫjɂkv#5p$W#)~񞿇\8HT\£12E0Dwir\\W#-Ǘ#\\Nj5$|d\>??\0\\\\\([+f\'\\0lF\nZ\߅{v\\U|\n\0~w\\\k˓\1֛\02i3\a\>\;U\$\Zƕ\"ޜSy4ښ!\0h\R\IKI@	MSM\0%cjs\\ElVn?\_\΀;/\2@O0\\\\wU\~<M\0fh\0LPQKa4\0\IE\0QE\0QE\0R\R\EPE\0}cO]N\\\\_#\\z(\vRH v\s\7Ȝ]\?w?\\0s\\5\0.isM8)(X\O4\0QEu&j\n	KQf\5h\\0KJe:E6NJZ\0*)eH#y$`\\n\\zMg#vOéKU\_Sy!~\k\?\\M%-\0\0QE\0QE\0QE\0QE\0QE\0R\@	E-%\0QG^\^\\vï\\9o\+ѫ/KV0C@[\ZӠ\\y\Hy?\&W7\[ \/IQ\ZH$X՘v#>r\I[cɪt \\n\0)RPE\R\@\Z}ũ(\0K@n_<T\z\2h-ב\t\'\Iaa\_yE}#>_ \7Oԭ.\, d*zO\\z7t\tm.%-d\ᇺ@ 9G1\^\\+d9g5\0\X1?vAs\6-&3eǮ?a	H\\\`9{o$$rJ\^or[\\i?x\G\\ڷ\\\\'96Z\rN\\n\\rkSǹ&N*\'`)e\3?f1ɫNj\0?\\^!j\\0?4\\\Z\0u%7zg%6ޘe=d\L>\\l\Mc\-}X\\pmom\\OМ\\\<c8\_Bikӭe\c\n\\\'\\0i\斊\0i\j\KI@RPE\0QE\0QE\0-\0RR\PkHﭥ\5\Im4\0VO\{W\#\|[\-clz\0CPRR\@\rcچj\n(\n(:1\PG\\Z\0JxS\0\?ʸ\u\0vcźs\0\0o*/\\r\0\";\\\G\k\\^E\0z(\\\05*\\\\07=8x\.o\0\0\\M\0}y}\\\V}\\?4\0\Zx\O\\0\\䔴\\\on\0U(f{\?\\0^v\Z<1\nu$hMe5]5^Yx޻I\\Ǹ\\_\Z\1fX$52I\zקi\ZjisJ\\sA[T\\'\z\0l3\0Tg\\0G\\0\\\4PU\7\?ơ:>:\\\\\0\\oΟz:\\߷\0\n\n\\&\\uo\0\Q&b+\J\0\\\8\0\ʾ⛱O\(\*J(\	\g\0\L6Ǭf\@<Q_A#\\\\'TgL\\[\0ߵ\0\n\0\Z+\Nv\0s?\@E{\\?Ϳa\\\\\0\PVi\J#*\s\\W\X0\0U\\3\\\\/NUFhǜ_2u9P2x4괙,\?\\0R\<FJE!\\N\\r\0v\"\\:Xk{m]w\ׄ\\Oy)y^Wc\II\<m\0OăΣec8\\U߱ޞ.H\\~#\0#D\\#\TU?\~|T\\\\@\庞[<?\_\5$A\`ր,\c#1QTÞP\"Ӎ95Q\\=(b\f	D)\Z7Ct8e>\<Ӆ\0}#\_\\jX_\\\0\d\8&2\ \"${\\GҾ\lZ\\\0+3\/g\0{{@\Z\:b~Z\} g\ʻ_\})\\߷\o\\\/\x\ɴ\:ȣכU\~(Xn\\[V[C0(S\	yTu\o0\0o\2b\\UN\w-rf,:Xd\" RkC\?Z\nI\Z\0څsI\\Gҫ[h$\\ƀ+8,\\0)GZzS$87\\QM6\0^ihө\r\0%6\n\t淲\0$&9\\ǹ&#\\]ߙk=bp\\\u\xN\\\\d:2~#\_\@݊n*,\\\0j:}%\02ZJ\0)(\n(\n(\n(\nZJ(\0(\0K\\B\H7#V\jQҀ<Q}>\Kw?\CO\\mz4ϵ\1\pIhQאPQ\\0QE\0QE\0QE^Z\0JZ((h(\n\n\Xoz\@B\0\\Z\tm1K\Zҷ}[rDX\Q\0UP\0R\I@%-%\0QE\0QE\0%Q@Q@Q@RP\h(,\\0I\7\&\y\rG+\|Gw]6@\Zo\/\\0+s$*\+p\Z\0(#5U\պC\\0gѸ\;QQLKતJ\0\qݿZ_5\0:k{҂\К\0v]O\N\ayO\Zz\%;\Tũ\r.\\0\nx.\1@a&˥l\Y1~­\\0C\\0v[3Ufu\0z?\G\\\w\n\=\\0f1z0*\[W%ybxذ9\Q <07\V$blV\\A\\rM\0X2HAY\V94|\,jHF=*&\\@\rP\\R\MSM\00\S@\\r+=1u]\4\7.2O?X>\w7\WmgX#NZ\[{\=\0t=$\0k\0\T6\<wN3g\]\Z\gX\\Z\"\rd\A\\?\ 9}[\7G\汳@<ifz\\\\;\r?\0\\3K@\\0	\\0\G~\0\\i(\Ǌ\0-%ɪA\ \0\wX\0\nJ(\ǉ4\0/ }RO&!\\?Z\(\ƽ|#k:Y\{o\0}:(\i\_-\0\\\0H5\\\\0\T\0\Z\P=. ?\?Ƥ\zK\0\\4x3\\\0\q_7fFa\\\\0}O\0\΂iGI$6\0\Zp\o\0\@E\xn2\I\\0OLV`.?\\\0j隑}07ݜ`\>\\5G_A#L~~\n}\n\\\\\0@E{\4\0.q~jsH?\\<:\\ \0˹I$\0⩇\\A\0R@-E{7\"zOf\0(\0OI\\0\0\0x-%-\0R\KE\0R\R\EPR\"41\nu$z?4̽2 /F\KX27\+z\z\nۢ\0(\0)(\n(\nJ((()(\0J\0JJkFݕy,\\05j>6ӭ	Kp\n;\\<PG.\ķ\r\~A\*\U\yf8\r#=߇J\73\4\\?2\U&D\\4f!cbfR%H\\\Z\0ZJM/]ѯ[\I)\-\K`?鷕\\]\HuGI\{aa\'4\W\|1Sn\Ft[\\e*\Hێ9A\(\vnڒ\"\F*Zm\0EJS\n\*u\0\\\0A\Myn\0!Qq¢hY*pՎW\\<*pG\15w\o\\}]G;]\0\\rKUutyk\s,y\\\۞\\ޝ\Z<ΙiP\4\\\Z\=(-Jba\Q\\R\\>kz\Z\0m\Rր ʸ\'1xSu-DB0\?\04\ǨZ硈Q\\\@\{֬w9=g5\\(7\ɗwS?NG5\]\\\D\\\Z\0O@R\R\E-\0QE\0QE\0QE\0QE\0*tG=%(;\\06(\|1\Ȑ\\\\0	:ºҼL}:\9\8?\\=\\T43]C)\0-Q@-%\0\)P\\QK@-\0R\E\0R\@	E-*;PIb\0\'\0k\\Zk\wi\AJ\\AOA^\i,hU\0Ubhb\v\0^@-%\0RR\E\0QIK@	EPEPEPIKE\0%%:u=N\Ii\7T3\w)eH#yd;Q\_6WVi!\vD\\0=ZY!˄? ?\osW5E\0QE\0QE\0%\0<\\0\Z\r\ű\\{ݓ\EG\#ژ.\0%XG\h\\C	\\0;K\Y\/\'MFcX\`<\';\r\(9{dB\\؀NI\*՟&?\\0*r\'\0*\0\@\y\P\\\\E\5 t(\\U=\In5r\}*=cS,]\\@\n\\n)}*)$\\?Z\0v\k֜LGZ\0\\r[\\/\+S\\OWY\n\S\0\\^jЪkV&ۑUd5yjBVkN&\λIV쁚\0&@\Z\qRl*Gq֥\\dgM\\\~#\S}*Z\?ƀ-\Y\G\UeM\$-\x\@0PI \\+}n8\'k{\\9\GU,\Z\0a\֯Ei,+j=W\rh\\=+fuԷ\0p*\A@\㠭h5i \\0C\g_\b\쇂TA\{\^[\}Q\M\\\0aS>)>E%-\0PQKI@Q@	EPOQeJ(QE\0.h\"$צGSލc!\2\\0Gym$9\8x\0;}C@E\T\㾶\?\"\\=\r\n(\n(>fQE\0-\0P\IE\0-z4\ʤ\\\\=\Ҵ\\\\\_#u_\\\FFơQ\0U%Q@Q@Q@Q@%-\0QE\0QE\0QE\0QE\0QE\0yύ\\f\板U\,w1>\x\\ͮH;`5\S^|z\׬[|:\\rFٖh\E\ng\'⼚w\^5\8[\q\ܔ9#<\0W\ۋ\'\0H\:F\m.[Im$D\\\\0\8^\\'\\8}\+\\0f5\ڥ\\uI\PǀH\\0Τ\6\sOH\} \+%[9Vzֳ,ja#P\$b.3>\"\G$\Z\0}\u<\\l\\0}\kPG\\o\\\1\ȣ\rR_S\o.O9o4\\֗{\\\\\\1\8\'\=h\5-\*\0\\RL\kOˍ??_p:\0(\,S\\"\UK\@\x\0U-W*\0dq\ZrGV(Ҽ8_ws\\\\1C\\\\0\ƺd\0HiM@L-57j*|@W9\\\\NsֻI#\gKo@gqh\沞ԊI\\J\0\,T{+^kw\\0\Ki3\r\0gl	\\ZY<nCb\E\0r\K\'_V\:tk9>Х][z\0\[^:T\o\[jA\@\[XkDE\VIbkZX\LPU_\\m\0M\0/I	\\4J*\0O\\0\nv)qK\0)iih\0(\0J\0Z))h\0(E\0Y\ғ\0$t<\j\0u\\\\\1\%%-\0w\͜Ls{I\\0W2H \G\WSI\>IG\(f(()h(Z()@,@$\0:{Q]\0t6OJ$gOݾ\ހ;\rK\Ze&\ZS\{\'\t\0QE\0QE\0QE\0QIK@Q@%-\0R\@	E-\0R\\hRP\>1Ǯ\\11	B+Lá\^\\<\ȗ۝ѷ\WR9\m%K\-\Z^\03Fi8\085q \۵YD\\0\qHi\{w5Fy6}wEY$/\\'\0֭E\[hM\ΤQ\քJ\0UJta@y\\\0?/\L:|\\\~?\@\nX\Ҝ,&\")	\&VwɫKf\0s\7AWԞڦb2\\nU\;e\0V	O\S\\@G6\\I\\JE6\)mSB\ShZ\n\0pZk\8\0\9-sںj=6*{R=\E\0skk\V\ڷ|C@\X\U 3\U0m\0/\¼Ѷ+T\v\!\\u\&\ya=cvCT\x\\L \ErT\0QE\0QE\0QE\0R\@	E-\0QE\0QE\0QE\0QE\0%P]O5?\ЮqGV\\-E\0}\'Er\\d\eެ\ߗ\WU@g\l\Vfapʳ\z\0\0Ɛ\U圣\+몥<KK?\\OZCM\%\0/\0]%\0p\\=\0\j#\\^\S\0\)]\嚗\4\g\\8\Sb\z(9\aR\-\H\*\"P%\?\akԮC\z\\ڹ\0\\Hٿ\\"\04\;~~\0a\+.?֤0\\0\\\0\0^KE\0znz\0l\\0RiG\X׍\@\<Ql\\\0H<Gy\5\tPi\'^\\ \4\0/$\^E\0{\\\\\(Ԭ\\0\\\0\Z>\\\0mjQq\4G\_:\@F#=8\?:\7\h\\^k\A4äԂ\\ta\0mh\z+\Ѩ_W\0Ƥ\Z?\\5\0{%x8ֵA\\5(\a\0/\0\\0{E\7\\LJ\A}m\\e<\\ֻ\-\\\\FZj\76$\\\\.\H\\HP\0\q\0z\V\\3+\'G#Еhz^\n:\\S\0z&\FdQޣib#\L	Z\0$\r\\U\\0Lr\TZW\'9\r\I`yv\0J\k\Jֵ\B\0e?Ҁ:zLW]i᫋\x\-\mdAr\\\\Sjc[\0\h\)6-vG\z\\0jWW\3h\(\+>\\?*>\\7\џ9j\\\\6\PTl?\\.)1Z\J\G[;\\Q>u\0Om]6#oQ\9\(1F\?L\"=\LM\\0֎\ex\\0\n \;mKԻhZxZh<S~)q\0LR\Q@\(*AK\0fKNm\NPvӱKK@F)\I@)Ԕ\0RQI@y\Km\[\\\\\\G\+ʫ\5\o\Q\$!u\+\\0(\0(\0J\0Z)(\0ZJ((\0J)h((\rPm69T=.\^򬮡V\0:z\Z_\Z\\\0\\E{̡ԁ~\0\\ъ\0\\Q@	EPW\W\}#\Fd#G\o\]^}k%ğ\¯\_KS\b\\0V(\0(\0(\0(\0(\0(\0(\0(\0(\0(\0}P[\\rǮ:bAoF\\\TZJT\Ze֧9\=\#S\wO\=I(\#o9s?t\,R\>`7A}\Z\0Y\ҫ\E\06u%\0z/BU؊g?f\dLtoQ_I\Űz_SxN\\Z5\Ř\\0+\0\(\0(\0Z(\n9\0)1KE\04=\*3Gh\+55R}TԷ7i6\*\;|\ށz.r\Zm\0i\rSP/.?\\XMgS}\5J:\\5Q\0/\R\\^T?-`RPH%\\g\ML<SkĿҹjZ\0\GQPd?Ƥ-ԇU??j㨠\x\\06\*2\m\\Z\h\G\\i\\?G\"\\0\E\d\(\\I\0A^_E\0z{Y\0朗\2\\0\^KLc@<c\0r\\0W\Q\\\?j(\Ǌ\0-eXT\\Z9\0>\\0\ׇ\@\<I{QI\Ri_\"\0Ǉ\^\rE\0{֒\\\r\\J$0,\oo.DB\듆R:+\W>v\\2[\\\:u\0O^f\0\_E據\00\\0\\L(㪷\k\*L\P\x4TC\0\QxXb?\0\n\0$\Z7[hO𨿳l[\0ߤ\0\n\0\\4\\go\0~\Dt-(\0˔?\{H?\\\\\\	֎\\G\\\\WiX8K\'\GI	\Sh\)k\Ot\\\5v\0=.G	\0:J\\\?-D|m\\aD4\tW\\\0\\0O/8:\0j+\O\yo*>\w\(ϫ\-u{8Yc\u,x\q\k\|%Ryr,\![ݳ~舁\"\08\n\0~T\0oJ6z0}\\ZJ(j\e\7\f9R?nJ\0\Ch\l\U=\\{W-E\0RR\PEPEPEPE\0R\PEPEPKIE\0-\0QE\0VM\`3ZՇw5\\\@tRR\H|\Ѥ\\0h?\o39/\\\qڼZ(\5e2\0`\҃D>>\\\g|3.~\\ZN\\8\\\ޅ{zp8n-$7dpO\k\\z~}vBEYiY\u\M\0y(@\N\\N\\\\ӵ\06\\`\\0$-iz\\\G\{-\Z*I\^&%݌m9H(\0(((\On\S\;Ӷ\\C/h\zZm-\0-9i\\@QKE\0QE\0QE\0QE\0QE\0QE\0PS\@RPEPKIK@w\&=\\?\Mpu\\Q8E\r\|4PE%\0\\ME%-\0%-PE-%\0%Ph(\0*nBz~5gnC\H\0hNWա@\Z(\n\\\\I\1\\kneI\9y\'\\{\zϕ\$w\\0\}(\0JZ((\n(\n(\0))h\nZJZ\0(\0*\$\ƭ\0M##?h`Zs\q/`m\M\xq@6ʘ;C\Z/4Bt?\\ة\cHH\s\\\0z?M&do-n4Y\FV8\\z\\)>\\0\k\,ӕ\~\#\HT\r|\\"C&y\Bf\\\\zO8J\\0f$\m\\\\b\$\0S\7n!\\\?AB(v\r\v9\+V]\mc,\	f\0$\4\6}Z\;XG/\7h\y\{\\ֶ\Y\\o\H\\z\\;m\ˈo\\G\\\z(\+\0(\0(\0Z)(\0Z\\\:\0\	?\ZҬmm\W\@EPN\(\%F\Դ\0QI@-%-\0QE\0QK@	Lcڕ\0QI@E%\0RQ@E%\0QE\0}\\\n\\Z\\0QZ5\>\ͰyC_\\()i(Z()hE%-\0%\0RR\PINE-\0V&\.W\ך۬\\:+{\P\lpjcyǭ[I(S4D\9)d\~N\\b\\6&rGTA]=\\V6\\KPt\ǲrknI\9g9q@(\n(\n(\n(\0(\0((\n(\0(\0)i(\l\\R25\lW\\O.\k\\\\25M\"\XʹL3\`kõ\:vdM\C\2x}FE}N+ \x4\n?}?}iz76}~G\09aHoᄑSȉN\bO\@MAnTbrϼ\ր*V*,\0\Mc\@\j*\Pl\Y\1\07W*\\"X\9w7EM{\r\"h$\'>\]}Ds\w\\u@Q@Q@Q@Q@Q@Q@s!8\.\0\Q\A\\ω\nq\c(\0(\0P4\N\\06\0Z(Q&@Q@Q@Q@Q@Q@Q@.|A\\'#03^_=i\\o\H3f\@E\0RR\\IK@\0R\Q@EPEPEPEPMuWR2\J\0\\5ml\\~$rӚْ5J\5\Om-޹t\\\0ji|\z\o\<\@uo\\y\\H㣿B\A\WE%\0-P\E\0QIE\0-%PEPKIK@Q@	EPKIE\0QE\0QE\0QE\0\R\FK\0\'M\Vjԣ$e`\}G\\][;H \\0>\W锹E\0)`蠟˚-͚y?+\\\\:\\\4ٺ\0y\|.*\0/ߢ#\_\\\\\F*ɃPcm>\}\\\ƙ\0@\0\\0z\\\.\\͏\\'\\\0?{|\6[ܯч\3_W\\"J\"\\O#\"$(\0(\0(\0(\0(\0(\0O\g\ZK\k3\\1G\(\0(\0(\0\"E\0Iڍ\0\\\h\n(\n(\n(\n(\n(\n(\n(\n\\\zu\·\\^^\۝۞q\\\QK@	E:\0(\0)hZ()i((\0\n)h\3\ \n}\Z\\q1\nO\\\Z\0\\nQ\>==iڗ^O\~]\0\','123','123','oh',5,'2016-10-19',123.00,1,1,NULL,0,'2016-10-27 00:00:00','2016-10-27 00:00:00');
/*!40000 ALTER TABLE `staClass` ENABLE KEYS */;
UNLOCK TABLES;

--
-- Table structure for table `staLesson`
--

DROP TABLE IF EXISTS `staLesson`;
/*!40101 SET @saved_cs_client     = @@character_set_client */;
/*!40101 SET character_set_client = utf8 */;
CREATE TABLE `staLesson` (
  `ID` int(10) unsigned NOT NULL,
  `ClassID` int(10) unsigned NOT NULL,
  `DateLesson` date NOT NULL,
  `TimeStart` time DEFAULT NULL,
  `TimeEnd` time DEFAULT NULL,
  `CreateTime` datetime NOT NULL,
  `Creater` int(10) unsigned NOT NULL,
  `UpdateTime` datetime NOT NULL,
  PRIMARY KEY (`ID`),
  KEY `fk_lesson_class` (`ClassID`),
  KEY `fk_lesson_creater` (`Creater`),
  CONSTRAINT `fk_lesson_class` FOREIGN KEY (`ClassID`) REFERENCES `staClass` (`ID`),
  CONSTRAINT `fk_lesson_creater` FOREIGN KEY (`Creater`) REFERENCES `staAccount` (`ID`)
) ENGINE=InnoDB DEFAULT CHARSET=latin1;
/*!40101 SET character_set_client = @saved_cs_client */;

--
-- Dumping data for table `staLesson`
--

LOCK TABLES `staLesson` WRITE;
/*!40000 ALTER TABLE `staLesson` DISABLE KEYS */;
/*!40000 ALTER TABLE `staLesson` ENABLE KEYS */;
UNLOCK TABLES;

--
-- Table structure for table `staStudent`
--

DROP TABLE IF EXISTS `staStudent`;
/*!40101 SET @saved_cs_client     = @@character_set_client */;
/*!40101 SET character_set_client = utf8 */;
CREATE TABLE `staStudent` (
  `ID` int(10) unsigned NOT NULL,
  `AccountID` int(10) unsigned NOT NULL,
  `Name` varchar(255) NOT NULL,
  `Photo` mediumblob,
  `Note` text,
  `IsDeleted` tinyint(4) NOT NULL DEFAULT '0',
  `CreateTime` datetime NOT NULL,
  `UpdateTime` datetime NOT NULL,
  PRIMARY KEY (`ID`),
  KEY `fk_student_account` (`AccountID`),
  CONSTRAINT `fk_student_account` FOREIGN KEY (`AccountID`) REFERENCES `staAccount` (`ID`)
) ENGINE=InnoDB DEFAULT CHARSET=latin1;
/*!40101 SET character_set_client = @saved_cs_client */;

--
-- Dumping data for table `staStudent`
--

LOCK TABLES `staStudent` WRITE;
/*!40000 ALTER TABLE `staStudent` DISABLE KEYS */;
/*!40000 ALTER TABLE `staStudent` ENABLE KEYS */;
UNLOCK TABLES;

--
-- Table structure for table `staTeaching`
--

DROP TABLE IF EXISTS `staTeaching`;
/*!40101 SET @saved_cs_client     = @@character_set_client */;
/*!40101 SET character_set_client = utf8 */;
CREATE TABLE `staTeaching` (
  `ID` int(11) NOT NULL AUTO_INCREMENT,
  `LessonID` int(10) unsigned NOT NULL,
  `StudentID` int(10) unsigned NOT NULL,
  `IsHappy` tinyint(1) NOT NULL DEFAULT '1',
  `IsActive` tinyint(1) NOT NULL DEFAULT '1',
  `HasAccident` tinyint(1) NOT NULL DEFAULT '0',
  `Note` text,
  `CreateTime` datetime NOT NULL,
  `Creater` varchar(255) NOT NULL,
  `UpdateTime` datetime NOT NULL,
  `Updater` varchar(255) NOT NULL,
  PRIMARY KEY (`ID`),
  KEY `fk_teach_lesson` (`LessonID`),
  KEY `fk_teach_student` (`StudentID`),
  CONSTRAINT `fk_teach_lesson` FOREIGN KEY (`LessonID`) REFERENCES `staLesson` (`ID`),
  CONSTRAINT `fk_teach_student` FOREIGN KEY (`StudentID`) REFERENCES `staStudent` (`ID`)
) ENGINE=InnoDB DEFAULT CHARSET=latin1;
/*!40101 SET character_set_client = @saved_cs_client */;

--
-- Dumping data for table `staTeaching`
--

LOCK TABLES `staTeaching` WRITE;
/*!40000 ALTER TABLE `staTeaching` DISABLE KEYS */;
/*!40000 ALTER TABLE `staTeaching` ENABLE KEYS */;
UNLOCK TABLES;
/*!40103 SET TIME_ZONE=@OLD_TIME_ZONE */;

/*!40101 SET SQL_MODE=@OLD_SQL_MODE */;
/*!40014 SET FOREIGN_KEY_CHECKS=@OLD_FOREIGN_KEY_CHECKS */;
/*!40014 SET UNIQUE_CHECKS=@OLD_UNIQUE_CHECKS */;
/*!40101 SET CHARACTER_SET_CLIENT=@OLD_CHARACTER_SET_CLIENT */;
/*!40101 SET CHARACTER_SET_RESULTS=@OLD_CHARACTER_SET_RESULTS */;
/*!40101 SET COLLATION_CONNECTION=@OLD_COLLATION_CONNECTION */;
/*!40111 SET SQL_NOTES=@OLD_SQL_NOTES */;

-- Dump completed on 2016-10-07 17:29:48
